employee_id,full_name,gender,birth_year,hire_date,department_name,job_level,location_country,location_city
E0001,Ryan Gosling 1,M,1968,2024-03-13,Engineering,L4,USA,Charlotte
E0002,Meryl Streep 2,M,1969,2023-05-02,Engineering,L6,USA,New York
E0003,Priyanka Chopra 3,F,1974,2019-08-13,Engineering,L6,USA,Charlotte
E0004,Shah Rukh Khan 4,F,1976,2018-06-17,Engineering,L2,USA,New York
E0005,Daniel Craig 5,M,1987,2018-06-24,IT,L3,USA,Seattle
E0006,Angelina Jolie 6,F,1968,2018-12-15,Data,L3,USA,Seattle
E0007,Natalie Portman 7,M,1995,2018-04-11,Security,L5,India,Hyderabad
E0008,Tom Hanks 8,M,1993,2023-08-29,Sales,L6,India,Hyderabad
E0009,Javier Bardem 9,F,1994,2017-06-27,Engineering,L2,Singapore,Singapore
E0010,Scarlett Johansson 10,F,1971,2021-07-04,Engineering,L5,India,Bengaluru
E0011,Meryl Streep 11,M,1985,2017-10-29,Security,L6,India,Bengaluru
E0012,Tom Hanks 12,F,1989,2020-02-01,Engineering,L6,USA,New York
E0013,Kate Winslet 13,F,1971,2022-09-02,Data,L2,India,Bengaluru
E0014,Daniel Craig 14,F,1993,2019-05-31,Customer Support,L3,India,Hyderabad
E0015,Meryl Streep 15,F,1971,2021-06-22,Product,L4,India,Bengaluru
E0016,Emily Blunt 16,M,1995,2021-03-14,Product,L2,Canada,Toronto
E0017,Penelope Cruz 17,F,1971,2018-01-17,Engineering,L4,USA,Austin
E0018,Daniel Craig 18,F,1972,2017-09-03,Sales,L5,India,Hyderabad
E0019,Mads Mikkelsen 19,F,1984,2017-07-30,Engineering,L4,Germany,Berlin
E0020,Priyanka Chopra 20,M,1995,2019-05-22,Engineering,L3,India,Hyderabad
E0021,Denzel Washington 21,F,1972,2023-03-29,Sales,L4,UK,London
E0022,Idris Elba 22,M,1982,2023-04-17,Data,L2,Germany,Berlin
E0023,Javier Bardem 23,F,1965,2020-10-23,Engineering,L3,Canada,Toronto
E0024,Michelle Yeoh 24,F,1969,2024-05-16,Customer Support,L3,Singapore,Singapore
E0025,Priyanka Chopra 25,M,1989,2018-01-11,Security,L5,USA,Seattle
E0026,Leonardo DiCaprio 26,F,1985,2021-02-24,Product,L6,USA,New York
E0027,Kate Winslet 27,M,1968,2018-09-30,Data,L2,USA,Seattle
E0028,Michelle Yeoh 28,F,1991,2022-06-13,Engineering,L4,Germany,Berlin
E0029,Natalie Portman 29,F,1992,2018-04-12,Engineering,L2,India,Hyderabad
E0030,Tom Hanks 30,F,1967,2022-06-17,Engineering,L3,Singapore,Singapore
E0031,Gong Yoo 31,M,1978,2017-08-13,Engineering,L4,Singapore,Singapore
E0032,Natalie Portman 32,F,1985,2019-11-13,Customer Support,L2,USA,New York
E0033,Ken Watanabe 33,M,1989,2018-12-21,Engineering,L6,Germany,Berlin
E0034,Ken Watanabe 34,F,1969,2023-04-08,Security,L5,India,Hyderabad
E0035,Deepika Padukone 35,M,1994,2021-11-22,Customer Support,L2,USA,Seattle
E0036,Scarlett Johansson 36,F,1991,2021-10-25,Customer Support,L4,Singapore,Singapore
E0037,Lupita Nyong'o 37,M,1994,2020-08-23,Engineering,L4,USA,Seattle
E0038,Ryan Gosling 38,F,2002,2019-09-24,Engineering,L5,USA,Austin
E0039,Gong Yoo 39,F,1979,2020-06-24,Data,L4,Germany,Berlin
E0040,Tom Hanks 40,M,1998,2022-09-22,Sales,L6,USA,Austin
E0041,Aamir Khan 41,M,1980,2020-12-09,Engineering,L2,UK,London
E0042,Song Kang-ho 42,M,1969,2018-12-12,Engineering,L3,USA,Charlotte
E0043,Emily Blunt 43,F,2001,2022-03-16,HR,L6,India,Bengaluru
E0044,Keanu Reeves 44,F,1969,2018-09-11,Engineering,L5,UK,London
E0045,Scarlett Johansson 45,M,1987,2020-01-31,Product,L6,Canada,Toronto
E0046,Daniel Craig 46,M,1968,2022-01-26,Engineering,L4,India,Bengaluru
E0047,Aamir Khan 47,M,1997,2024-03-25,Sales,L5,USA,Austin
E0048,Tom Hanks 48,F,2001,2017-06-18,Product,L3,India,Hyderabad
E0049,Daniel Craig 49,M,1968,2022-08-16,Engineering,L5,India,Bengaluru
E0050,Natalie Portman 50,M,1967,2017-12-12,Engineering,L3,UK,London
E0051,Gong Yoo 51,M,1988,2022-11-17,Security,L4,India,Bengaluru
E0052,Priyanka Chopra 52,F,1968,2021-08-02,Customer Support,L4,Germany,Berlin
E0053,Lupita Nyong'o 53,F,1983,2023-04-05,Engineering,L4,USA,Austin
E0054,Song Kang-ho 54,F,1970,2018-09-08,Security,L6,Singapore,Singapore
E0055,Idris Elba 55,F,1973,2020-06-24,IT,L6,UK,London
E0056,Song Kang-ho 56,F,1986,2020-06-22,Security,L3,USA,Austin
E0057,Ken Watanabe 57,F,1997,2018-01-18,IT,L4,India,Hyderabad
E0058,Kate Winslet 58,M,1986,2019-01-09,Engineering,L5,Canada,Toronto
E0059,Priyanka Chopra 59,M,1983,2018-09-27,Engineering,L2,USA,New York
E0060,Keanu Reeves 60,M,1986,2022-11-27,Data,L6,India,Hyderabad
E0061,Idris Elba 61,M,1976,2018-09-24,Engineering,L6,Germany,Berlin
E0062,Shah Rukh Khan 62,M,1991,2021-11-28,Sales,L4,USA,New York
E0063,Idris Elba 63,F,1993,2021-12-25,IT,L3,USA,Charlotte
E0064,Lupita Nyong'o 64,M,1988,2022-04-06,Data,L6,Canada,Toronto
E0065,Gong Yoo 65,F,1997,2020-02-29,Finance,L6,India,Bengaluru
E0066,Priyanka Chopra 66,M,1981,2019-03-29,Product,L2,USA,New York
E0067,Daniel Craig 67,M,1998,2023-03-22,IT,L2,UK,London
E0068,Jackie Chan 68,F,1997,2020-01-23,Engineering,L3,USA,New York
E0069,Viola Davis 69,F,1987,2019-06-29,Sales,L2,USA,Austin
E0070,Daniel Craig 70,F,1980,2022-08-19,Product,L5,Germany,Berlin
E0071,Scarlett Johansson 71,M,1985,2019-07-09,Finance,L2,UK,London
E0072,Jackie Chan 72,M,1967,2018-08-22,Sales,L4,UK,London
E0073,Marion Cotillard 73,M,1995,2024-10-22,Customer Support,L5,India,Bengaluru
E0074,Priyanka Chopra 74,F,1978,2017-03-19,IT,L3,USA,Austin
E0075,Keanu Reeves 75,F,1972,2022-12-02,Data,L4,Singapore,Singapore
E0076,Kate Winslet 76,M,1991,2017-07-15,Engineering,L6,USA,Austin
E0077,Jackie Chan 77,M,1997,2022-08-10,Product,L6,USA,Austin
E0078,Kate Winslet 78,F,1965,2020-04-08,Engineering,L6,USA,New York
E0079,Charlize Theron 79,M,1970,2021-09-03,Engineering,L6,Singapore,Singapore
E0080,Marion Cotillard 80,M,1989,2022-11-25,HR,L5,USA,Austin
E0081,Lupita Nyong'o 81,F,1966,2021-03-10,Engineering,L4,Germany,Berlin
E0082,Leonardo DiCaprio 82,M,2002,2019-09-15,Sales,L4,UK,London
E0083,Deepika Padukone 83,F,1976,2023-02-15,Engineering,L5,UK,London
E0084,Angelina Jolie 84,M,1973,2024-02-01,Finance,L2,India,Bengaluru
E0085,Shah Rukh Khan 85,F,1977,2017-06-01,Security,L2,India,Bengaluru
E0086,Deepika Padukone 86,F,1997,2020-07-16,Sales,L5,USA,Seattle
E0087,Javier Bardem 87,F,1967,2022-04-24,Finance,L3,India,Hyderabad
E0088,Marion Cotillard 88,F,1982,2024-05-09,Engineering,L2,USA,Seattle
E0089,Song Kang-ho 89,F,1989,2021-06-27,Sales,L4,Germany,Berlin
E0090,Daniel Craig 90,F,1988,2024-10-05,HR,L6,India,Bengaluru
E0091,Angelina Jolie 91,M,1992,2021-10-05,Engineering,L6,USA,Austin
E0092,Charlize Theron 92,F,1985,2023-02-13,Finance,L2,USA,New York
E0093,Tom Hanks 93,F,1992,2020-06-09,Engineering,L3,Canada,Toronto
E0094,Viola Davis 94,M,1987,2022-01-06,Security,L6,UK,London
E0095,Ryan Gosling 95,M,1969,2024-03-04,Finance,L5,Canada,Toronto
E0096,Leonardo DiCaprio 96,M,1993,2017-05-08,Engineering,L2,USA,New York
E0097,Idris Elba 97,F,1988,2024-03-27,Engineering,L5,USA,Charlotte
E0098,Javier Bardem 98,M,1993,2023-10-15,Customer Support,L4,USA,Seattle
E0099,Keanu Reeves 99,M,1998,2023-06-09,Engineering,L4,USA,Austin
E0100,Gong Yoo 100,M,1966,2019-10-20,Engineering,L3,Canada,Toronto
E0101,Gong Yoo 101,M,1981,2023-04-20,Product,L4,Germany,Berlin
E0102,Lupita Nyong'o 102,F,1996,2023-11-12,Security,L3,USA,Charlotte
E0103,Deepika Padukone 103,M,1993,2022-01-26,Engineering,L2,USA,Austin
E0104,Denzel Washington 104,F,1969,2024-06-28,Sales,L6,UK,London
E0105,Ryan Gosling 105,M,1988,2018-10-08,Data,L6,Canada,Toronto
E0106,Priyanka Chopra 106,M,1996,2018-07-23,Engineering,L2,USA,Charlotte
E0107,Michelle Yeoh 107,F,2000,2021-02-20,Engineering,L3,Singapore,Singapore
E0108,Ryan Gosling 108,F,1990,2017-09-27,IT,L5,USA,Austin
E0109,Aamir Khan 109,M,1973,2023-06-13,Data,L4,Germany,Berlin
E0110,Javier Bardem 110,F,1973,2022-03-24,IT,L6,India,Bengaluru
E0111,Idris Elba 111,F,1997,2018-06-13,IT,L2,USA,New York
E0112,Lupita Nyong'o 112,F,1975,2018-09-19,Sales,L3,India,Hyderabad
E0113,Denzel Washington 113,F,1970,2020-11-18,Engineering,L4,USA,Charlotte
E0114,Deepika Padukone 114,M,1984,2020-01-30,Engineering,L6,India,Hyderabad
E0115,Benedict Cumberbatch 115,M,2002,2024-03-10,Data,L6,India,Hyderabad
E0116,Natalie Portman 116,F,2001,2023-10-15,Engineering,L2,Singapore,Singapore
E0117,Alia Bhatt 117,M,2001,2017-11-29,Sales,L4,USA,Seattle
E0118,Emily Blunt 118,M,1996,2021-09-03,IT,L6,Singapore,Singapore
E0119,Leonardo DiCaprio 119,M,1990,2022-06-02,Engineering,L4,Canada,Toronto
E0120,Song Kang-ho 120,F,1991,2018-10-10,Product,L5,USA,Seattle
E0121,Idris Elba 121,M,1985,2023-10-21,Product,L4,UK,London
E0122,Denzel Washington 122,M,1988,2021-06-22,Security,L6,UK,London
E0123,Jackie Chan 123,F,1972,2019-09-18,Data,L4,UK,London
E0124,Charlize Theron 124,M,1983,2018-02-01,Product,L5,USA,New York
E0125,Meryl Streep 125,M,1985,2019-10-14,Customer Support,L6,Germany,Berlin
E0126,Ryan Gosling 126,F,1997,2018-10-15,Security,L5,USA,Charlotte
E0127,Song Kang-ho 127,M,1970,2022-07-31,Product,L5,Canada,Toronto
E0128,Alia Bhatt 128,F,1968,2019-06-01,Data,L2,USA,Charlotte
E0129,Shah Rukh Khan 129,F,1983,2024-05-03,Engineering,L6,Singapore,Singapore
E0130,Viola Davis 130,M,1981,2021-11-01,Engineering,L4,USA,Austin
E0131,Shah Rukh Khan 131,F,1968,2017-07-05,Sales,L6,UK,London
E0132,Tom Hanks 132,F,1969,2023-03-17,Data,L5,UK,London
E0133,Tom Hanks 133,M,1973,2020-02-20,Data,L2,India,Hyderabad
E0134,Charlize Theron 134,F,1974,2023-04-04,Engineering,L3,UK,London
E0135,Keanu Reeves 135,M,1967,2022-08-11,IT,L2,Germany,Berlin
E0136,Angelina Jolie 136,F,1974,2022-04-25,Engineering,L6,UK,London
E0137,Angelina Jolie 137,F,1975,2020-09-05,Customer Support,L5,USA,New York
E0138,John Boyega 138,F,1997,2023-08-29,Finance,L6,Canada,Toronto
E0139,Idris Elba 139,F,1966,2020-05-12,Data,L4,Singapore,Singapore
E0140,Deepika Padukone 140,F,1966,2021-09-03,Engineering,L6,USA,Austin
E0141,Javier Bardem 141,M,1968,2023-06-24,Product,L6,Singapore,Singapore
E0142,Kate Winslet 142,F,1974,2024-01-21,Product,L3,India,Hyderabad
E0143,Emily Blunt 143,M,1993,2019-02-21,Engineering,L4,USA,Austin
E0144,Alia Bhatt 144,M,1991,2024-09-29,Product,L6,Germany,Berlin
E0145,Marion Cotillard 145,M,1998,2017-09-13,Sales,L3,India,Bengaluru
E0146,Song Kang-ho 146,F,1985,2022-11-23,Data,L3,India,Bengaluru
E0147,Mads Mikkelsen 147,F,1981,2020-11-03,Product,L6,India,Hyderabad
E0148,Mads Mikkelsen 148,F,1979,2020-02-17,Product,L4,USA,Charlotte
E0149,Ryan Gosling 149,F,1985,2024-09-28,Sales,L5,USA,Charlotte
E0150,Shah Rukh Khan 150,M,2001,2020-03-24,Engineering,L6,Canada,Toronto
E0151,Daniel Craig 151,M,1983,2020-11-14,Engineering,L2,Germany,Berlin
E0152,Keanu Reeves 152,F,1981,2020-11-19,Engineering,L5,USA,Austin
E0153,Michelle Yeoh 153,F,1973,2020-01-16,Engineering,L2,India,Hyderabad
E0154,Meryl Streep 154,M,1968,2019-09-08,IT,L6,Singapore,Singapore
E0155,Daniel Craig 155,M,1991,2017-08-04,Engineering,L4,USA,Charlotte
E0156,Daniel Craig 156,M,1965,2024-08-22,Security,L6,USA,Austin
E0157,Denzel Washington 157,F,1995,2021-07-25,HR,L3,USA,New York
E0158,Keanu Reeves 158,F,1968,2020-08-08,Sales,L2,Canada,Toronto
E0159,Viola Davis 159,M,1976,2023-01-01,IT,L5,USA,Charlotte
E0160,Daniel Craig 160,F,1996,2017-05-29,Customer Support,L3,USA,New York
E0161,Keanu Reeves 161,M,1984,2017-06-03,Customer Support,L6,Canada,Toronto
E0162,Scarlett Johansson 162,F,1999,2020-03-11,IT,L6,UK,London
E0163,Michelle Yeoh 163,F,1982,2022-08-28,Product,L3,USA,New York
E0164,Keanu Reeves 164,F,1981,2018-10-28,Sales,L3,UK,London
E0165,Shah Rukh Khan 165,M,1976,2020-04-23,Engineering,L6,UK,London
E0166,Priyanka Chopra 166,F,1970,2021-10-18,Customer Support,L5,Germany,Berlin
E0167,Charlize Theron 167,F,1985,2018-07-30,IT,L3,USA,New York
E0168,Kate Winslet 168,F,1982,2019-08-23,Engineering,L4,Germany,Berlin
E0169,Angelina Jolie 169,F,1988,2017-02-16,Engineering,L3,Singapore,Singapore
E0170,John Boyega 170,F,1975,2022-03-22,Engineering,L5,USA,Austin
E0171,Shah Rukh Khan 171,M,1983,2024-09-28,Security,L4,Canada,Toronto
E0172,John Boyega 172,F,1974,2018-07-02,IT,L5,USA,Charlotte
E0173,Penelope Cruz 173,F,2000,2021-03-11,Security,L5,Singapore,Singapore
E0174,Emily Blunt 174,M,1998,2019-10-11,Sales,L5,USA,Charlotte
E0175,Natalie Portman 175,M,1968,2017-11-16,Data,L6,UK,London
E0176,Natalie Portman 176,M,1975,2023-06-04,Customer Support,L4,USA,Charlotte
E0177,Javier Bardem 177,M,2002,2018-04-22,Customer Support,L5,India,Bengaluru
E0178,Ken Watanabe 178,M,1994,2021-12-30,Engineering,L3,India,Hyderabad
E0179,Javier Bardem 179,M,2000,2023-04-29,Data,L5,India,Bengaluru
E0180,Penelope Cruz 180,F,1981,2017-03-31,IT,L2,Canada,Toronto
E0181,Lupita Nyong'o 181,M,1992,2017-10-27,Security,L4,Singapore,Singapore
E0182,Viola Davis 182,M,1995,2017-09-04,Security,L2,India,Hyderabad
E0183,Natalie Portman 183,F,1988,2018-07-09,Engineering,L5,USA,New York
E0184,Viola Davis 184,M,1999,2021-03-19,Product,L3,Germany,Berlin
E0185,Marion Cotillard 185,M,1999,2018-05-01,IT,L5,UK,London
E0186,Michelle Yeoh 186,M,1984,2017-01-15,Data,L5,USA,Charlotte
E0187,Natalie Portman 187,F,1979,2021-10-04,IT,L3,India,Hyderabad
E0188,Shah Rukh Khan 188,M,1972,2020-02-04,Product,L2,USA,New York
E0189,Emily Blunt 189,M,1980,2023-11-24,Sales,L3,Germany,Berlin
E0190,Emily Blunt 190,F,1968,2017-05-18,Engineering,L3,Singapore,Singapore
E0191,Mads Mikkelsen 191,M,1999,2021-12-03,Security,L3,Germany,Berlin
E0192,Angelina Jolie 192,F,1979,2018-07-28,Sales,L6,USA,Seattle
E0193,Javier Bardem 193,F,1980,2024-07-17,Engineering,L4,Singapore,Singapore
E0194,Benedict Cumberbatch 194,F,1984,2019-06-25,Customer Support,L4,India,Hyderabad
E0195,Priyanka Chopra 195,F,2000,2018-12-19,Engineering,L5,Singapore,Singapore
E0196,Lupita Nyong'o 196,F,1998,2024-03-20,Engineering,L4,UK,London
E0197,Shah Rukh Khan 197,F,1989,2018-09-04,Security,L3,Germany,Berlin
E0198,Keanu Reeves 198,M,1984,2019-09-15,Sales,L3,India,Bengaluru
E0199,Mads Mikkelsen 199,F,1991,2023-04-23,Sales,L6,USA,Seattle
E0200,Natalie Portman 200,F,1978,2019-09-22,Data,L4,Germany,Berlin
E0201,Viola Davis 201,M,1999,2021-02-28,IT,L3,India,Bengaluru
E0202,Denzel Washington 202,M,1969,2024-07-22,Engineering,L3,Germany,Berlin
E0203,Tom Hanks 203,M,1995,2024-07-13,Sales,L3,Singapore,Singapore
E0204,Shah Rukh Khan 204,M,1978,2020-05-26,Customer Support,L3,UK,London
E0205,Idris Elba 205,M,1978,2022-05-16,HR,L5,USA,Austin
E0206,Penelope Cruz 206,F,1989,2020-08-10,Customer Support,L5,India,Hyderabad
E0207,Charlize Theron 207,F,1988,2020-06-17,Data,L6,UK,London
E0208,John Boyega 208,F,1985,2018-02-08,Customer Support,L3,India,Bengaluru
E0209,Kate Winslet 209,M,1974,2017-07-07,Engineering,L2,Germany,Berlin
E0210,Marion Cotillard 210,F,1983,2023-07-01,Engineering,L3,Singapore,Singapore
E0211,Viola Davis 211,M,1996,2021-04-05,Engineering,L6,USA,Charlotte
E0212,Idris Elba 212,F,1996,2019-11-21,IT,L5,UK,London
E0213,Gong Yoo 213,M,1999,2018-11-25,Engineering,L5,UK,London
E0214,Denzel Washington 214,M,1998,2024-03-13,Engineering,L2,India,Hyderabad
E0215,Gong Yoo 215,M,1965,2024-06-30,Sales,L5,USA,Austin
E0216,Deepika Padukone 216,M,1965,2017-10-06,Engineering,L3,USA,Charlotte
E0217,Lupita Nyong'o 217,F,1996,2017-09-05,Data,L2,UK,London
E0218,Aamir Khan 218,M,1966,2021-08-12,Engineering,L6,India,Hyderabad
E0219,Javier Bardem 219,M,1997,2020-03-20,Security,L5,India,Hyderabad
E0220,Charlize Theron 220,M,1998,2018-03-15,Sales,L3,USA,New York
E0221,Leonardo DiCaprio 221,F,1987,2022-11-27,Engineering,L4,Singapore,Singapore
E0222,Emily Blunt 222,F,1994,2021-03-09,Sales,L6,USA,Austin
E0223,Aamir Khan 223,M,1967,2020-05-13,Engineering,L2,USA,Charlotte
E0224,Kate Winslet 224,F,1968,2023-03-14,Product,L2,Germany,Berlin
E0225,Viola Davis 225,F,1986,2022-08-10,Security,L6,USA,Austin
E0226,Viola Davis 226,M,1979,2022-12-04,HR,L3,USA,Austin
E0227,Jackie Chan 227,F,1967,2022-05-02,Customer Support,L2,Singapore,Singapore
E0228,Viola Davis 228,M,1976,2023-02-03,Security,L4,Canada,Toronto
E0229,Viola Davis 229,M,1990,2023-08-02,Engineering,L2,USA,Charlotte
E0230,John Boyega 230,F,1999,2019-09-12,Engineering,L4,Singapore,Singapore
E0231,Idris Elba 231,M,1997,2024-09-24,Engineering,L4,USA,New York
E0232,Viola Davis 232,M,1986,2019-08-09,Engineering,L6,Germany,Berlin
E0233,Tom Hanks 233,F,1966,2021-06-13,Sales,L4,Singapore,Singapore
E0234,Benedict Cumberbatch 234,M,1987,2022-07-03,Sales,L6,India,Bengaluru
E0235,Keanu Reeves 235,F,1970,2019-01-31,Customer Support,L6,Germany,Berlin
E0236,Keanu Reeves 236,M,1970,2024-12-30,Engineering,L4,USA,Charlotte
E0237,Shah Rukh Khan 237,F,1988,2021-05-15,Engineering,L2,USA,New York
E0238,Marion Cotillard 238,F,1982,2021-12-27,Engineering,L2,Canada,Toronto
E0239,Ryan Gosling 239,F,2000,2021-11-01,Engineering,L6,USA,New York
E0240,Shah Rukh Khan 240,M,1987,2017-04-18,Data,L6,USA,Austin
E0241,Scarlett Johansson 241,F,1965,2020-08-21,Engineering,L4,Singapore,Singapore
E0242,Tom Hanks 242,M,2001,2023-04-11,Product,L6,USA,Austin
E0243,Penelope Cruz 243,M,1982,2018-11-26,Engineering,L4,Germany,Berlin
E0244,Jackie Chan 244,M,1992,2017-09-17,Engineering,L4,USA,New York
E0245,Deepika Padukone 245,F,1981,2017-11-12,Product,L3,India,Bengaluru
E0246,Kate Winslet 246,M,1994,2023-08-30,Security,L2,India,Bengaluru
E0247,Jackie Chan 247,F,1989,2021-06-09,Engineering,L4,USA,Seattle
E0248,Shah Rukh Khan 248,M,1984,2024-04-20,Product,L4,Germany,Berlin
E0249,Deepika Padukone 249,F,1976,2022-05-17,IT,L5,USA,Charlotte
E0250,Marion Cotillard 250,F,2001,2024-10-17,HR,L3,Canada,Toronto
E0251,Angelina Jolie 251,F,1972,2021-05-29,Engineering,L6,Canada,Toronto
E0252,Alia Bhatt 252,M,1994,2019-01-07,Engineering,L3,India,Hyderabad
E0253,Lupita Nyong'o 253,M,1991,2024-10-08,Product,L5,Canada,Toronto
E0254,Jackie Chan 254,F,1974,2019-09-19,Engineering,L5,Canada,Toronto
E0255,Keanu Reeves 255,F,2002,2022-01-14,Sales,L5,USA,Austin
E0256,Denzel Washington 256,M,1988,2023-02-05,Data,L6,Germany,Berlin
E0257,Lupita Nyong'o 257,M,1987,2018-03-24,Data,L3,USA,Austin
E0258,Natalie Portman 258,F,1986,2023-04-26,IT,L5,USA,Seattle
E0259,Keanu Reeves 259,M,1997,2019-11-26,Engineering,L6,USA,Austin
E0260,Kate Winslet 260,F,1988,2019-06-25,Data,L5,Singapore,Singapore
E0261,Deepika Padukone 261,M,1987,2024-09-29,Product,L2,Singapore,Singapore
E0262,Angelina Jolie 262,M,1972,2021-08-31,Product,L3,Canada,Toronto
E0263,Ken Watanabe 263,M,1998,2022-02-09,Engineering,L5,UK,London
E0264,Keanu Reeves 264,F,1985,2021-11-30,Engineering,L2,USA,Austin
E0265,Shah Rukh Khan 265,F,1971,2017-04-03,Engineering,L3,USA,Austin
E0266,Song Kang-ho 266,M,2000,2022-10-15,Customer Support,L3,USA,Charlotte
E0267,Aamir Khan 267,M,1990,2022-03-08,Engineering,L3,Germany,Berlin
E0268,Idris Elba 268,M,1977,2021-06-09,Engineering,L5,Germany,Berlin
E0269,Mads Mikkelsen 269,M,1978,2017-01-19,Data,L4,Germany,Berlin
E0270,Alia Bhatt 270,M,1999,2023-06-23,Sales,L3,USA,Austin
E0271,Denzel Washington 271,M,1981,2022-02-18,Engineering,L5,USA,Charlotte
E0272,Alia Bhatt 272,F,1990,2023-09-12,Data,L6,UK,London
E0273,Natalie Portman 273,M,1984,2022-02-19,Engineering,L6,UK,London
E0274,Angelina Jolie 274,M,1980,2020-07-06,Data,L4,USA,New York
E0275,Deepika Padukone 275,M,1997,2024-10-11,Engineering,L5,UK,London
E0276,Ryan Gosling 276,F,1992,2023-06-13,Product,L3,USA,New York
E0277,Natalie Portman 277,M,2000,2024-10-11,Product,L3,India,Hyderabad
E0278,Leonardo DiCaprio 278,F,1993,2019-02-06,Product,L6,USA,New York
E0279,Priyanka Chopra 279,F,1973,2017-02-09,Engineering,L3,UK,London
E0280,Aamir Khan 280,F,1991,2022-09-02,Sales,L5,India,Hyderabad
E0281,Kate Winslet 281,M,1970,2022-06-25,Product,L6,India,Bengaluru
E0282,Michelle Yeoh 282,M,1982,2020-04-11,Engineering,L3,USA,Charlotte
E0283,Kate Winslet 283,F,2000,2022-02-17,Data,L6,USA,New York
E0284,Deepika Padukone 284,F,1999,2020-01-03,Engineering,L2,USA,Austin
E0285,Charlize Theron 285,M,1992,2023-02-16,Sales,L2,India,Bengaluru
E0286,Deepika Padukone 286,M,1993,2020-05-04,Security,L4,USA,Charlotte
E0287,Viola Davis 287,M,1980,2021-12-04,Engineering,L3,USA,Austin
E0288,Tom Hanks 288,F,1992,2024-09-23,Sales,L3,Singapore,Singapore
E0289,Javier Bardem 289,M,2001,2019-04-28,IT,L4,USA,Charlotte
E0290,Priyanka Chopra 290,M,1985,2023-01-16,Data,L4,Singapore,Singapore
E0291,Scarlett Johansson 291,M,1973,2022-10-09,Engineering,L5,Canada,Toronto
E0292,Denzel Washington 292,M,1973,2024-05-10,Customer Support,L3,Canada,Toronto
E0293,Michelle Yeoh 293,F,1996,2019-10-11,Engineering,L3,UK,London
E0294,Angelina Jolie 294,F,1989,2024-01-16,Data,L5,Canada,Toronto
E0295,Deepika Padukone 295,F,1988,2021-07-09,Engineering,L5,USA,Austin
E0296,Idris Elba 296,M,1970,2023-07-12,HR,L5,UK,London
E0297,Mads Mikkelsen 297,F,1978,2017-09-17,IT,L5,UK,London
E0298,Javier Bardem 298,F,1983,2020-01-05,Sales,L4,India,Bengaluru
E0299,Denzel Washington 299,F,1986,2023-05-08,Data,L2,USA,New York
E0300,Ryan Gosling 300,M,1975,2017-03-08,Engineering,L5,India,Bengaluru
E0301,Keanu Reeves 301,M,1984,2019-04-09,Product,L3,Germany,Berlin
E0302,Leonardo DiCaprio 302,F,1981,2018-01-18,Customer Support,L2,Canada,Toronto
E0303,Scarlett Johansson 303,F,1984,2017-08-01,Engineering,L3,USA,New York
E0304,Song Kang-ho 304,M,1965,2024-11-22,Product,L3,USA,Austin
E0305,Leonardo DiCaprio 305,M,1998,2023-08-29,Product,L5,USA,New York
E0306,Javier Bardem 306,F,1973,2018-05-09,Engineering,L5,UK,London
E0307,Angelina Jolie 307,M,1971,2018-01-01,Engineering,L4,Germany,Berlin
E0308,Scarlett Johansson 308,F,1973,2018-07-16,Engineering,L3,Canada,Toronto
E0309,Alia Bhatt 309,M,1993,2017-02-04,Engineering,L4,Singapore,Singapore
E0310,Song Kang-ho 310,F,1978,2021-08-14,Security,L2,USA,New York
E0311,Scarlett Johansson 311,F,1987,2018-05-20,Customer Support,L5,USA,New York
E0312,Ken Watanabe 312,F,1970,2019-10-12,Engineering,L3,USA,New York
E0313,Kate Winslet 313,F,1966,2023-10-25,Data,L4,Singapore,Singapore
E0314,Shah Rukh Khan 314,M,1990,2022-09-19,Engineering,L4,Singapore,Singapore
E0315,Natalie Portman 315,F,1972,2022-07-21,IT,L3,USA,Charlotte
E0316,Ken Watanabe 316,M,1988,2017-10-18,Product,L4,Singapore,Singapore
E0317,Penelope Cruz 317,F,1999,2021-09-20,Engineering,L3,Singapore,Singapore
E0318,Leonardo DiCaprio 318,M,1965,2017-03-10,Sales,L4,USA,Austin
E0319,Shah Rukh Khan 319,F,1997,2021-06-19,Engineering,L5,USA,Seattle
E0320,Idris Elba 320,M,1982,2017-12-04,Product,L2,Germany,Berlin
E0321,Benedict Cumberbatch 321,M,1999,2019-04-13,Engineering,L4,India,Hyderabad
E0322,Penelope Cruz 322,F,1980,2020-06-24,Engineering,L2,USA,Austin
E0323,Meryl Streep 323,F,1968,2018-04-21,Engineering,L4,Germany,Berlin
E0324,Benedict Cumberbatch 324,M,1973,2018-05-05,IT,L2,USA,New York
E0325,Michelle Yeoh 325,F,1975,2022-11-13,Engineering,L4,UK,London
E0326,Penelope Cruz 326,M,1986,2018-04-29,Engineering,L5,Canada,Toronto
E0327,Shah Rukh Khan 327,M,1996,2019-12-14,Engineering,L5,USA,Austin
E0328,Priyanka Chopra 328,M,1988,2022-08-09,Data,L3,USA,Seattle
E0329,Idris Elba 329,M,1979,2023-06-09,Engineering,L6,USA,Austin
E0330,Natalie Portman 330,M,1995,2019-09-29,Engineering,L4,USA,Seattle
E0331,Gong Yoo 331,M,2000,2019-01-04,Engineering,L5,USA,New York
E0332,Scarlett Johansson 332,F,1982,2021-09-01,Engineering,L2,USA,Charlotte
E0333,John Boyega 333,M,1976,2022-08-19,Data,L3,USA,Austin
E0334,Daniel Craig 334,M,1994,2021-07-01,Sales,L4,USA,Seattle
E0335,Emily Blunt 335,M,2000,2020-09-02,Sales,L5,Canada,Toronto
E0336,Lupita Nyong'o 336,F,1980,2020-04-09,Engineering,L5,USA,Charlotte
E0337,Ken Watanabe 337,M,1974,2019-03-12,Engineering,L2,India,Bengaluru
E0338,Alia Bhatt 338,F,1965,2019-08-13,Customer Support,L4,USA,Seattle
E0339,Daniel Craig 339,M,1978,2020-06-13,Engineering,L6,Germany,Berlin
E0340,Daniel Craig 340,M,1974,2022-07-09,Finance,L4,Germany,Berlin
E0341,Meryl Streep 341,F,1988,2022-10-30,Engineering,L5,USA,Charlotte
E0342,Emily Blunt 342,M,1997,2023-07-07,HR,L3,USA,Austin
E0343,Marion Cotillard 343,M,1992,2017-11-03,IT,L3,Germany,Berlin
E0344,Michelle Yeoh 344,F,1985,2020-07-14,Engineering,L4,Canada,Toronto
E0345,Priyanka Chopra 345,M,1973,2017-11-02,Product,L6,USA,Charlotte
E0346,Keanu Reeves 346,F,1994,2018-11-05,Engineering,L4,USA,Austin
E0347,Priyanka Chopra 347,M,1993,2021-01-07,Product,L4,India,Hyderabad
E0348,Ken Watanabe 348,M,1984,2018-01-06,Product,L6,USA,Austin
E0349,Marion Cotillard 349,M,1980,2018-08-31,Engineering,L4,UK,London
E0350,Michelle Yeoh 350,F,1981,2024-08-05,Engineering,L3,USA,Seattle
E0351,Meryl Streep 351,M,1971,2022-01-27,Engineering,L5,Germany,Berlin
E0352,Ryan Gosling 352,M,1968,2018-05-13,Engineering,L3,USA,New York
E0353,Deepika Padukone 353,M,2002,2021-03-05,Engineering,L6,Germany,Berlin
E0354,Benedict Cumberbatch 354,M,1977,2017-03-31,Engineering,L5,USA,Austin
E0355,Deepika Padukone 355,M,1967,2020-09-20,Sales,L5,USA,Austin
E0356,Scarlett Johansson 356,F,1996,2021-11-10,Engineering,L2,Singapore,Singapore
E0357,Natalie Portman 357,F,1978,2018-12-09,Engineering,L3,Germany,Berlin
E0358,Javier Bardem 358,M,1980,2018-09-01,Engineering,L4,India,Bengaluru
E0359,Ken Watanabe 359,M,1970,2022-05-17,Product,L4,India,Hyderabad
E0360,Jackie Chan 360,M,1999,2019-03-28,Engineering,L2,Germany,Berlin
E0361,Javier Bardem 361,F,1987,2022-05-19,Finance,L6,UK,London
E0362,Ryan Gosling 362,M,1966,2020-01-13,Data,L4,Germany,Berlin
E0363,Gong Yoo 363,M,1995,2020-02-25,Data,L6,USA,Seattle
E0364,Emily Blunt 364,M,1971,2019-08-12,Engineering,L3,Singapore,Singapore
E0365,Deepika Padukone 365,M,1979,2022-12-26,IT,L6,Canada,Toronto
E0366,Scarlett Johansson 366,M,1976,2020-12-24,Sales,L3,Germany,Berlin
E0367,Javier Bardem 367,M,1987,2023-08-21,Data,L6,UK,London
E0368,Denzel Washington 368,F,1999,2019-02-11,Data,L4,Singapore,Singapore
E0369,Emily Blunt 369,M,1979,2018-01-05,Engineering,L6,USA,Seattle
E0370,Song Kang-ho 370,M,1986,2022-05-12,Engineering,L6,India,Hyderabad
E0371,Javier Bardem 371,M,1985,2020-10-27,Engineering,L2,USA,New York
E0372,Keanu Reeves 372,M,1972,2024-11-26,Engineering,L6,Singapore,Singapore
E0373,Michelle Yeoh 373,F,2002,2021-03-11,Customer Support,L2,USA,Austin
E0374,Jackie Chan 374,M,1992,2018-07-13,Engineering,L5,UK,London
E0375,Ryan Gosling 375,F,1979,2024-12-06,IT,L6,USA,New York
E0376,Alia Bhatt 376,F,1973,2020-06-10,Sales,L3,Germany,Berlin
E0377,Alia Bhatt 377,M,1976,2021-05-23,Security,L6,Singapore,Singapore
E0378,Penelope Cruz 378,M,1996,2019-06-24,Engineering,L3,Singapore,Singapore
E0379,Jackie Chan 379,F,1985,2019-09-02,Engineering,L3,USA,Austin
E0380,Marion Cotillard 380,F,1993,2024-12-13,IT,L2,USA,Austin
E0381,Aamir Khan 381,M,1987,2024-10-10,Engineering,L4,USA,Charlotte
E0382,Angelina Jolie 382,F,1993,2017-07-17,Sales,L5,USA,Seattle
E0383,Emily Blunt 383,F,1987,2022-07-13,HR,L6,Germany,Berlin
E0384,Penelope Cruz 384,M,1975,2023-06-26,Engineering,L5,India,Bengaluru
E0385,Gong Yoo 385,M,1985,2020-04-22,Engineering,L4,USA,Seattle
E0386,Benedict Cumberbatch 386,M,1989,2020-11-01,HR,L3,USA,Austin
E0387,Alia Bhatt 387,F,1995,2018-01-17,Security,L2,India,Hyderabad
E0388,Marion Cotillard 388,F,1975,2023-10-24,Product,L2,USA,New York
E0389,Denzel Washington 389,F,2000,2019-02-18,Engineering,L6,USA,Charlotte
E0390,Alia Bhatt 390,M,1971,2020-05-03,Engineering,L2,Canada,Toronto
E0391,Aamir Khan 391,M,1968,2022-07-04,Engineering,L4,India,Hyderabad
E0392,Kate Winslet 392,F,1977,2020-04-21,Engineering,L2,USA,Austin
E0393,Javier Bardem 393,F,1970,2024-02-28,Engineering,L5,USA,New York
E0394,Jackie Chan 394,F,1996,2021-06-17,Sales,L4,Canada,Toronto
E0395,Lupita Nyong'o 395,M,1988,2021-05-07,Engineering,L5,India,Hyderabad
E0396,Mads Mikkelsen 396,F,1993,2017-07-02,Engineering,L5,India,Bengaluru
E0397,Mads Mikkelsen 397,M,1974,2023-05-01,Engineering,L2,Canada,Toronto
E0398,Kate Winslet 398,F,2002,2023-01-27,Engineering,L3,UK,London
E0399,John Boyega 399,F,1999,2022-11-11,Data,L5,Germany,Berlin
E0400,Idris Elba 400,F,1970,2022-05-05,Data,L5,USA,Charlotte
E0401,Tom Hanks 401,M,1972,2022-08-19,Customer Support,L5,USA,Seattle
E0402,Aamir Khan 402,M,1973,2019-05-18,Engineering,L2,USA,New York
E0403,Michelle Yeoh 403,M,1981,2019-04-08,Product,L4,Germany,Berlin
E0404,Tom Hanks 404,F,2000,2017-12-23,Customer Support,L5,USA,Austin
E0405,Shah Rukh Khan 405,F,1965,2022-10-30,Data,L6,Canada,Toronto
E0406,Alia Bhatt 406,F,1974,2018-04-06,Data,L3,Germany,Berlin
E0407,Daniel Craig 407,M,2001,2018-02-15,Data,L2,Singapore,Singapore
E0408,Emily Blunt 408,F,1981,2020-11-09,Sales,L5,India,Hyderabad
E0409,Leonardo DiCaprio 409,F,1967,2023-10-31,IT,L3,Singapore,Singapore
E0410,Meryl Streep 410,F,1967,2023-12-08,Engineering,L5,USA,New York
E0411,Scarlett Johansson 411,M,1968,2024-09-29,Customer Support,L5,UK,London
E0412,Shah Rukh Khan 412,F,1984,2017-03-24,Customer Support,L4,UK,London
E0413,John Boyega 413,M,1979,2024-10-22,Engineering,L3,India,Bengaluru
E0414,Keanu Reeves 414,F,1991,2020-08-07,Engineering,L6,India,Bengaluru
E0415,Lupita Nyong'o 415,M,1991,2021-12-15,IT,L5,USA,Charlotte
E0416,Penelope Cruz 416,M,1969,2017-08-19,Sales,L4,UK,London
E0417,Emily Blunt 417,M,1976,2018-07-10,Security,L3,Germany,Berlin
E0418,Gong Yoo 418,M,1967,2017-08-25,Customer Support,L5,USA,Charlotte
E0419,Charlize Theron 419,M,1982,2024-11-26,Engineering,L4,UK,London
E0420,Marion Cotillard 420,M,1966,2021-06-14,Sales,L3,India,Hyderabad
E0421,Shah Rukh Khan 421,M,1995,2022-01-02,Engineering,L6,Singapore,Singapore
E0422,Leonardo DiCaprio 422,F,1970,2018-11-01,Data,L4,UK,London
E0423,Denzel Washington 423,M,1979,2018-10-30,Engineering,L3,USA,Seattle
E0424,Natalie Portman 424,F,1997,2024-04-22,IT,L2,Canada,Toronto
E0425,Javier Bardem 425,M,1976,2022-04-26,Customer Support,L6,USA,Seattle
E0426,Daniel Craig 426,F,1982,2019-10-31,Sales,L5,USA,Charlotte
E0427,Benedict Cumberbatch 427,F,1978,2022-02-24,Customer Support,L5,UK,London
E0428,Lupita Nyong'o 428,F,2002,2023-12-30,Engineering,L2,India,Hyderabad
E0429,Viola Davis 429,F,1984,2023-04-19,Engineering,L2,UK,London
E0430,Shah Rukh Khan 430,F,1982,2020-02-07,Product,L4,UK,London
E0431,Ryan Gosling 431,M,1998,2019-02-11,IT,L3,Canada,Toronto
E0432,Lupita Nyong'o 432,F,1973,2021-07-14,Customer Support,L2,Singapore,Singapore
E0433,Angelina Jolie 433,F,1990,2019-11-29,IT,L5,Canada,Toronto
E0434,Lupita Nyong'o 434,M,1986,2024-12-10,Security,L3,Singapore,Singapore
E0435,Jackie Chan 435,F,1997,2024-07-14,Security,L4,India,Bengaluru
E0436,Mads Mikkelsen 436,F,1971,2019-01-12,Sales,L5,India,Hyderabad
E0437,Javier Bardem 437,M,1986,2023-04-09,Engineering,L2,Canada,Toronto
E0438,Mads Mikkelsen 438,F,1986,2020-06-11,Engineering,L4,USA,Charlotte
E0439,Idris Elba 439,M,1995,2022-03-15,Engineering,L2,Canada,Toronto
E0440,John Boyega 440,M,1995,2023-07-05,Customer Support,L3,Singapore,Singapore
E0441,Mads Mikkelsen 441,F,1991,2022-12-11,Data,L2,Germany,Berlin
E0442,Deepika Padukone 442,M,1986,2018-07-17,Customer Support,L5,USA,New York
E0443,Shah Rukh Khan 443,F,1976,2018-08-10,Finance,L2,India,Bengaluru
E0444,Priyanka Chopra 444,M,1965,2020-07-07,Product,L5,USA,New York
E0445,Charlize Theron 445,M,1996,2023-06-19,Engineering,L2,USA,New York
E0446,Shah Rukh Khan 446,F,1990,2024-02-08,Engineering,L5,Germany,Berlin
E0447,Priyanka Chopra 447,M,1999,2017-01-20,HR,L3,Germany,Berlin
E0448,Mads Mikkelsen 448,M,1966,2020-08-12,Security,L2,USA,Seattle
E0449,Keanu Reeves 449,F,1984,2019-07-16,IT,L3,USA,Charlotte
E0450,Aamir Khan 450,F,1975,2023-08-09,Engineering,L2,India,Hyderabad
E0451,Shah Rukh Khan 451,F,1998,2020-04-06,Sales,L6,Canada,Toronto
E0452,Priyanka Chopra 452,M,1986,2024-09-14,Data,L5,Germany,Berlin
E0453,Michelle Yeoh 453,F,1966,2018-11-07,Engineering,L3,USA,Charlotte
E0454,Jackie Chan 454,M,2002,2019-05-16,Engineering,L6,USA,New York
E0455,Tom Hanks 455,M,1989,2024-12-22,Engineering,L4,UK,London
E0456,Angelina Jolie 456,M,1971,2017-07-19,Sales,L2,Singapore,Singapore
E0457,Leonardo DiCaprio 457,F,1989,2021-09-04,Engineering,L2,USA,Austin
E0458,Daniel Craig 458,M,1978,2024-11-14,Data,L2,India,Bengaluru
E0459,Gong Yoo 459,F,1973,2024-06-06,Engineering,L5,USA,Austin
E0460,Leonardo DiCaprio 460,M,1983,2022-09-27,Sales,L2,USA,Austin
E0461,Kate Winslet 461,M,1981,2019-03-25,Sales,L6,India,Bengaluru
E0462,Keanu Reeves 462,F,1983,2024-11-21,HR,L3,UK,London
E0463,Penelope Cruz 463,F,1986,2019-05-01,Engineering,L3,India,Bengaluru
E0464,Penelope Cruz 464,F,1974,2018-03-29,Engineering,L2,USA,Austin
E0465,Michelle Yeoh 465,F,1979,2018-02-19,Sales,L5,USA,Austin
E0466,Lupita Nyong'o 466,F,1968,2019-12-18,Finance,L2,Canada,Toronto
E0467,Penelope Cruz 467,F,1985,2020-04-05,Sales,L5,USA,Seattle
E0468,Viola Davis 468,M,1973,2017-07-07,Security,L3,USA,Austin
E0469,Kate Winslet 469,F,1970,2023-12-22,Engineering,L4,India,Bengaluru
E0470,Penelope Cruz 470,F,1990,2018-04-12,Sales,L5,USA,New York
E0471,Gong Yoo 471,F,1991,2024-09-26,Engineering,L3,Germany,Berlin
E0472,Meryl Streep 472,M,1991,2018-10-15,Engineering,L6,USA,Seattle
E0473,Gong Yoo 473,F,1976,2024-08-10,Product,L6,Singapore,Singapore
E0474,John Boyega 474,M,1973,2023-11-10,Engineering,L5,UK,London
E0475,Denzel Washington 475,F,1967,2021-08-12,Customer Support,L2,USA,Austin
E0476,Ken Watanabe 476,M,1986,2017-02-20,Engineering,L6,UK,London
E0477,Alia Bhatt 477,F,1980,2018-01-26,Data,L5,Singapore,Singapore
E0478,Gong Yoo 478,M,1965,2018-09-01,Engineering,L3,Germany,Berlin
E0479,Penelope Cruz 479,M,1969,2022-07-24,Data,L5,India,Bengaluru
E0480,Daniel Craig 480,M,1997,2020-02-14,Engineering,L3,UK,London
E0481,Charlize Theron 481,M,1970,2021-07-10,Data,L5,Germany,Berlin
E0482,Daniel Craig 482,M,1996,2022-01-10,Product,L5,Singapore,Singapore
E0483,Priyanka Chopra 483,M,1971,2024-04-30,Engineering,L5,India,Bengaluru
E0484,Javier Bardem 484,M,1970,2023-02-28,Product,L6,India,Hyderabad
E0485,Charlize Theron 485,M,1994,2022-09-14,HR,L4,Canada,Toronto
E0486,Meryl Streep 486,F,1986,2019-07-03,Engineering,L6,USA,Seattle
E0487,Gong Yoo 487,F,1993,2022-04-22,Sales,L2,Singapore,Singapore
E0488,Michelle Yeoh 488,F,1987,2017-01-09,Engineering,L4,USA,Charlotte
E0489,Marion Cotillard 489,M,1967,2024-11-15,Data,L3,UK,London
E0490,Idris Elba 490,F,1977,2018-03-15,Product,L3,Germany,Berlin
E0491,Lupita Nyong'o 491,F,1977,2019-06-03,Engineering,L4,Germany,Berlin
E0492,Angelina Jolie 492,M,1993,2017-07-10,Engineering,L5,Germany,Berlin
E0493,Meryl Streep 493,F,1965,2018-07-06,IT,L6,India,Hyderabad
E0494,Marion Cotillard 494,F,1997,2021-11-08,Security,L3,India,Hyderabad
E0495,Meryl Streep 495,M,1989,2018-06-10,Security,L6,USA,New York
E0496,Tom Hanks 496,F,1991,2022-08-27,IT,L6,UK,London
E0497,Javier Bardem 497,F,1986,2020-01-26,Customer Support,L4,USA,Charlotte
E0498,Angelina Jolie 498,F,1997,2018-07-20,Product,L4,USA,New York
E0499,Lupita Nyong'o 499,M,1977,2020-07-09,Sales,L3,India,Hyderabad
E0500,Benedict Cumberbatch 500,F,1973,2024-09-13,IT,L3,Canada,Toronto
E0501,Viola Davis 501,M,1987,2024-12-19,Data,L6,UK,London
E0502,Deepika Padukone 502,F,1999,2024-06-25,Product,L4,Singapore,Singapore
E0503,Gong Yoo 503,M,1966,2017-02-22,Customer Support,L5,Germany,Berlin
E0504,Jackie Chan 504,F,1975,2019-03-30,Engineering,L4,USA,Seattle
E0505,Kate Winslet 505,F,1978,2017-09-12,Security,L6,USA,New York
E0506,Lupita Nyong'o 506,M,2000,2018-02-24,Engineering,L5,India,Bengaluru
E0507,Jackie Chan 507,M,1989,2024-10-09,Engineering,L5,Canada,Toronto
E0508,Michelle Yeoh 508,M,1965,2023-03-12,Product,L4,UK,London
E0509,Gong Yoo 509,F,2002,2019-07-13,Engineering,L6,India,Bengaluru
E0510,Priyanka Chopra 510,F,1993,2019-03-04,Security,L3,USA,Charlotte
E0511,Penelope Cruz 511,M,1997,2019-02-05,Finance,L2,USA,Austin
E0512,Deepika Padukone 512,F,1973,2020-02-18,Engineering,L3,Germany,Berlin
E0513,Tom Hanks 513,F,1994,2017-01-24,Data,L3,Canada,Toronto
E0514,John Boyega 514,M,1984,2023-09-11,Engineering,L5,UK,London
E0515,Meryl Streep 515,M,1985,2021-01-06,Sales,L6,India,Hyderabad
E0516,Viola Davis 516,M,1997,2022-11-03,Engineering,L3,USA,New York
E0517,Ken Watanabe 517,M,1987,2021-07-11,Product,L3,India,Hyderabad
E0518,Daniel Craig 518,F,1983,2020-09-18,Customer Support,L3,UK,London
E0519,Keanu Reeves 519,F,2000,2022-12-13,HR,L2,Singapore,Singapore
E0520,Scarlett Johansson 520,M,1980,2021-12-31,Engineering,L2,UK,London
E0521,Meryl Streep 521,M,1989,2021-04-12,Security,L4,UK,London
E0522,Shah Rukh Khan 522,F,1997,2017-04-12,Data,L6,Canada,Toronto
E0523,Emily Blunt 523,M,1985,2020-04-29,Product,L6,USA,Seattle
E0524,Meryl Streep 524,M,1969,2018-11-17,Engineering,L3,USA,Austin
E0525,Leonardo DiCaprio 525,F,1971,2024-09-08,IT,L3,USA,Charlotte
E0526,Shah Rukh Khan 526,M,1974,2024-04-02,Data,L2,Germany,Berlin
E0527,Angelina Jolie 527,M,1969,2017-06-05,Product,L2,UK,London
E0528,John Boyega 528,M,2001,2023-04-05,Engineering,L3,Canada,Toronto
E0529,Ryan Gosling 529,F,1990,2021-05-09,Customer Support,L5,Germany,Berlin
E0530,Kate Winslet 530,M,1999,2024-07-20,Engineering,L2,Germany,Berlin
E0531,Lupita Nyong'o 531,M,1969,2017-09-17,IT,L4,Singapore,Singapore
E0532,Deepika Padukone 532,F,1970,2020-04-02,Customer Support,L4,USA,Austin
E0533,Song Kang-ho 533,F,1966,2021-04-12,Sales,L5,India,Bengaluru
E0534,Idris Elba 534,F,1999,2018-07-13,Engineering,L4,USA,Charlotte
E0535,Ryan Gosling 535,F,1965,2020-05-05,HR,L6,USA,New York
E0536,Idris Elba 536,M,1965,2018-05-20,Customer Support,L6,USA,New York
E0537,Alia Bhatt 537,M,1984,2023-02-21,Data,L3,India,Hyderabad
E0538,Natalie Portman 538,F,1997,2019-05-18,Security,L3,UK,London
E0539,Meryl Streep 539,F,1977,2023-12-02,Engineering,L2,USA,Charlotte
E0540,Alia Bhatt 540,F,2000,2017-08-11,Engineering,L2,Singapore,Singapore
E0541,Gong Yoo 541,M,1977,2019-10-24,Engineering,L6,USA,Austin
E0542,Marion Cotillard 542,M,1980,2021-01-02,Product,L2,UK,London
E0543,Emily Blunt 543,F,1996,2019-03-04,Engineering,L5,USA,Austin
E0544,Keanu Reeves 544,M,2001,2024-10-11,Engineering,L6,Canada,Toronto
E0545,Shah Rukh Khan 545,M,1965,2021-10-21,Engineering,L4,UK,London
E0546,Natalie Portman 546,F,1982,2024-12-27,Engineering,L4,USA,Charlotte
E0547,Alia Bhatt 547,F,1993,2022-05-20,Engineering,L4,UK,London
E0548,Ryan Gosling 548,M,1976,2023-03-10,Sales,L6,India,Bengaluru
E0549,Scarlett Johansson 549,M,1981,2018-07-28,Engineering,L2,Canada,Toronto
E0550,Ken Watanabe 550,M,2002,2022-09-09,Security,L6,USA,Seattle
E0551,Javier Bardem 551,M,2000,2019-05-22,Product,L4,Singapore,Singapore
E0552,Song Kang-ho 552,M,1988,2022-04-18,Data,L5,India,Hyderabad
E0553,Keanu Reeves 553,M,1994,2020-04-06,Engineering,L6,Singapore,Singapore
E0554,Michelle Yeoh 554,M,1980,2021-01-30,Data,L6,Germany,Berlin
E0555,Denzel Washington 555,F,1975,2018-07-29,Security,L3,India,Hyderabad
E0556,Penelope Cruz 556,M,1995,2024-05-24,Data,L4,Singapore,Singapore
E0557,Charlize Theron 557,M,1981,2019-08-08,Engineering,L4,India,Bengaluru
E0558,Natalie Portman 558,F,1989,2022-10-23,Engineering,L5,USA,Charlotte
E0559,Javier Bardem 559,F,1971,2017-06-13,Customer Support,L6,USA,Seattle
E0560,Song Kang-ho 560,M,1989,2019-12-15,IT,L5,Canada,Toronto
E0561,Lupita Nyong'o 561,F,1989,2022-10-18,Engineering,L3,USA,Austin
E0562,Leonardo DiCaprio 562,F,1995,2020-11-14,Data,L6,UK,London
E0563,Javier Bardem 563,M,1979,2021-12-07,Engineering,L2,USA,New York
E0564,Benedict Cumberbatch 564,M,1976,2019-05-17,Data,L3,Canada,Toronto
E0565,Priyanka Chopra 565,M,1991,2024-05-31,Engineering,L4,USA,Austin
E0566,John Boyega 566,F,1995,2024-07-28,Security,L3,India,Bengaluru
E0567,Lupita Nyong'o 567,M,1967,2017-04-02,Data,L3,Germany,Berlin
E0568,Javier Bardem 568,M,2001,2018-07-06,Data,L3,USA,New York
E0569,Priyanka Chopra 569,F,2001,2019-01-08,Engineering,L2,Canada,Toronto
E0570,Jackie Chan 570,M,1993,2017-12-18,Customer Support,L6,Canada,Toronto
E0571,Shah Rukh Khan 571,M,1991,2018-11-30,Finance,L6,India,Bengaluru
E0572,Tom Hanks 572,F,1975,2019-01-15,Engineering,L4,Singapore,Singapore
E0573,Priyanka Chopra 573,M,1979,2023-08-17,Customer Support,L5,Singapore,Singapore
E0574,Mads Mikkelsen 574,M,1998,2017-03-09,Engineering,L6,USA,Austin
E0575,Shah Rukh Khan 575,M,1976,2023-10-17,Security,L5,USA,New York
E0576,Lupita Nyong'o 576,M,1970,2017-06-09,Customer Support,L5,Singapore,Singapore
E0577,Gong Yoo 577,M,1992,2023-01-18,IT,L6,Singapore,Singapore
E0578,Michelle Yeoh 578,F,1979,2024-10-28,Product,L5,USA,Seattle
E0579,Meryl Streep 579,M,1992,2020-12-06,Sales,L3,Germany,Berlin
E0580,Charlize Theron 580,F,1999,2017-12-10,Engineering,L5,USA,Charlotte
E0581,Jackie Chan 581,M,2001,2024-12-14,Engineering,L6,USA,Seattle
E0582,Benedict Cumberbatch 582,M,1985,2021-03-17,Engineering,L5,USA,Seattle
E0583,Charlize Theron 583,F,1981,2021-10-12,Engineering,L6,USA,New York
E0584,Kate Winslet 584,F,1990,2023-11-12,Product,L3,UK,London
E0585,Ken Watanabe 585,M,1988,2022-05-31,Product,L6,India,Hyderabad
E0586,Deepika Padukone 586,F,1990,2020-06-10,Data,L3,Canada,Toronto
E0587,Michelle Yeoh 587,F,1975,2019-07-31,Customer Support,L2,USA,Austin
E0588,Priyanka Chopra 588,M,1975,2020-10-18,Engineering,L5,Germany,Berlin
E0589,Priyanka Chopra 589,M,1995,2018-01-09,HR,L6,USA,Seattle
E0590,Denzel Washington 590,M,1988,2019-12-14,Product,L2,USA,Austin
E0591,Emily Blunt 591,F,1968,2021-06-30,IT,L3,Germany,Berlin
E0592,Tom Hanks 592,M,1998,2017-02-13,IT,L4,India,Bengaluru
E0593,Shah Rukh Khan 593,M,1975,2022-09-23,Engineering,L2,Singapore,Singapore
E0594,Penelope Cruz 594,M,1982,2018-10-07,Engineering,L5,USA,Seattle
E0595,Charlize Theron 595,M,1998,2021-07-19,Engineering,L2,Germany,Berlin
E0596,Shah Rukh Khan 596,F,2000,2018-01-05,Security,L6,USA,Austin
E0597,John Boyega 597,M,1994,2019-07-16,Engineering,L5,Canada,Toronto
E0598,Charlize Theron 598,F,1997,2018-12-18,Data,L2,Canada,Toronto
E0599,Mads Mikkelsen 599,F,1972,2020-04-20,Data,L6,India,Hyderabad
E0600,Meryl Streep 600,F,1993,2023-06-13,HR,L5,India,Hyderabad
E0601,Tom Hanks 601,F,1994,2020-10-23,Data,L6,USA,Charlotte
E0602,Aamir Khan 602,F,1969,2018-04-22,Customer Support,L5,India,Bengaluru
E0603,Daniel Craig 603,M,1985,2024-08-04,IT,L5,USA,Charlotte
E0604,Marion Cotillard 604,M,1981,2023-01-04,HR,L3,India,Hyderabad
E0605,Shah Rukh Khan 605,F,1969,2024-07-22,Engineering,L6,Germany,Berlin
E0606,Alia Bhatt 606,F,1978,2020-07-09,Customer Support,L6,India,Bengaluru
E0607,Song Kang-ho 607,M,1980,2022-08-06,Engineering,L3,USA,Charlotte
E0608,John Boyega 608,M,1980,2019-07-28,Customer Support,L6,USA,Charlotte
E0609,Ken Watanabe 609,M,1996,2018-05-07,Engineering,L6,USA,Austin
E0610,Javier Bardem 610,F,1988,2017-06-23,Engineering,L6,India,Hyderabad
E0611,Michelle Yeoh 611,F,1976,2020-01-31,Engineering,L6,Singapore,Singapore
E0612,Ken Watanabe 612,M,1968,2023-06-21,Engineering,L6,USA,Charlotte
E0613,Lupita Nyong'o 613,M,1997,2023-01-24,Sales,L4,India,Bengaluru
E0614,Priyanka Chopra 614,M,1998,2022-02-16,Engineering,L5,USA,New York
E0615,Alia Bhatt 615,M,1989,2017-02-18,Engineering,L6,USA,Seattle
E0616,Deepika Padukone 616,F,1976,2023-11-15,Engineering,L6,UK,London
E0617,Daniel Craig 617,F,1988,2022-04-15,Engineering,L3,Canada,Toronto
E0618,Ryan Gosling 618,F,1988,2021-09-13,Product,L5,USA,Charlotte
E0619,Emily Blunt 619,M,2001,2023-05-30,Engineering,L3,USA,New York
E0620,Jackie Chan 620,F,1989,2019-08-24,Sales,L3,Canada,Toronto
E0621,Ryan Gosling 621,M,1976,2022-04-22,Engineering,L5,USA,New York
E0622,Benedict Cumberbatch 622,F,1996,2022-12-28,Product,L4,India,Hyderabad
E0623,Emily Blunt 623,F,1971,2017-07-15,Engineering,L3,Singapore,Singapore
E0624,Kate Winslet 624,M,1993,2022-05-06,Engineering,L4,Canada,Toronto
E0625,John Boyega 625,F,1987,2023-04-15,Engineering,L2,UK,London
E0626,Priyanka Chopra 626,M,2001,2024-08-15,Product,L6,UK,London
E0627,Aamir Khan 627,F,1987,2018-12-16,IT,L4,India,Hyderabad
E0628,Natalie Portman 628,M,1989,2022-01-05,IT,L6,India,Bengaluru
E0629,Emily Blunt 629,F,1991,2018-11-18,Engineering,L6,USA,New York
E0630,Aamir Khan 630,M,1986,2017-11-21,Data,L3,USA,Austin
E0631,Daniel Craig 631,F,1990,2024-12-19,Engineering,L4,Canada,Toronto
E0632,Song Kang-ho 632,F,1991,2023-08-02,Customer Support,L3,UK,London
E0633,Benedict Cumberbatch 633,M,1981,2018-05-28,Engineering,L2,USA,Seattle
E0634,Alia Bhatt 634,M,1969,2018-02-26,Engineering,L5,Germany,Berlin
E0635,Denzel Washington 635,M,1971,2021-06-15,Data,L4,USA,Seattle
E0636,Angelina Jolie 636,F,1984,2024-05-06,IT,L3,USA,Austin
E0637,Priyanka Chopra 637,M,1973,2021-12-21,Engineering,L6,Canada,Toronto
E0638,Scarlett Johansson 638,F,1985,2017-05-24,Sales,L5,USA,Seattle
E0639,Viola Davis 639,F,1973,2020-01-21,Product,L6,India,Hyderabad
E0640,Aamir Khan 640,F,1998,2022-02-14,Engineering,L6,Singapore,Singapore
E0641,Angelina Jolie 641,M,1970,2022-05-27,Engineering,L5,UK,London
E0642,Charlize Theron 642,M,1984,2019-12-01,Engineering,L2,Germany,Berlin
E0643,Natalie Portman 643,F,1995,2020-11-09,Engineering,L6,USA,New York
E0644,Denzel Washington 644,F,1965,2022-05-09,Engineering,L5,India,Bengaluru
E0645,Aamir Khan 645,M,2000,2019-08-06,Sales,L4,Singapore,Singapore
E0646,John Boyega 646,F,1980,2021-11-26,Engineering,L3,India,Hyderabad
E0647,John Boyega 647,M,1981,2021-03-30,Security,L2,Germany,Berlin
E0648,Mads Mikkelsen 648,F,1983,2022-10-18,Product,L6,USA,Charlotte
E0649,Michelle Yeoh 649,M,1976,2019-02-10,Sales,L3,Germany,Berlin
E0650,Benedict Cumberbatch 650,F,1982,2023-12-06,Engineering,L6,India,Bengaluru
E0651,Viola Davis 651,M,1968,2017-03-21,Product,L6,UK,London
E0652,Deepika Padukone 652,F,1973,2020-03-01,Engineering,L5,USA,Austin
E0653,John Boyega 653,M,1965,2018-01-05,Security,L5,USA,Charlotte
E0654,Ryan Gosling 654,F,1988,2020-06-30,Engineering,L5,Germany,Berlin
E0655,Keanu Reeves 655,M,1974,2020-09-14,Security,L2,USA,Seattle
E0656,Marion Cotillard 656,F,1976,2017-10-20,Engineering,L3,Germany,Berlin
E0657,Charlize Theron 657,M,1972,2021-04-12,Customer Support,L3,Canada,Toronto
E0658,Keanu Reeves 658,M,1977,2019-10-10,Engineering,L5,India,Bengaluru
E0659,Viola Davis 659,M,1995,2022-11-05,Security,L5,USA,Austin
E0660,Leonardo DiCaprio 660,M,1967,2020-08-16,Security,L6,Canada,Toronto
E0661,Leonardo DiCaprio 661,F,1977,2022-05-26,Data,L4,Canada,Toronto
E0662,Alia Bhatt 662,M,1992,2018-04-08,Customer Support,L4,USA,Charlotte
E0663,Tom Hanks 663,M,1990,2023-07-23,Engineering,L3,Canada,Toronto
E0664,Shah Rukh Khan 664,F,1974,2023-07-09,Engineering,L4,USA,Seattle
E0665,Ryan Gosling 665,F,1970,2018-10-08,Sales,L6,USA,Charlotte
E0666,Penelope Cruz 666,F,1974,2017-09-02,Engineering,L6,USA,Seattle
E0667,Daniel Craig 667,M,1985,2022-06-22,Sales,L6,USA,New York
E0668,Gong Yoo 668,M,1966,2021-12-02,Sales,L5,UK,London
E0669,Mads Mikkelsen 669,M,1996,2019-10-24,Engineering,L5,USA,New York
E0670,Mads Mikkelsen 670,F,1977,2024-10-26,Data,L6,India,Hyderabad
E0671,Alia Bhatt 671,F,1982,2020-08-18,Engineering,L6,UK,London
E0672,Javier Bardem 672,M,1998,2018-10-19,Customer Support,L3,India,Hyderabad
E0673,Alia Bhatt 673,F,1994,2023-01-28,Product,L2,Canada,Toronto
E0674,Viola Davis 674,M,1966,2021-04-02,Sales,L6,India,Hyderabad
E0675,Natalie Portman 675,F,1969,2019-09-06,Customer Support,L6,Singapore,Singapore
E0676,Kate Winslet 676,F,2000,2022-11-17,Sales,L3,USA,Charlotte
E0677,Kate Winslet 677,F,1972,2021-08-06,IT,L2,UK,London
E0678,Deepika Padukone 678,M,1976,2017-06-29,Data,L2,USA,Austin
E0679,Tom Hanks 679,M,1967,2019-02-24,Engineering,L6,India,Bengaluru
E0680,Idris Elba 680,F,1998,2024-05-18,IT,L6,Germany,Berlin
E0681,Shah Rukh Khan 681,F,1979,2017-07-21,Security,L6,Canada,Toronto
E0682,Benedict Cumberbatch 682,F,1970,2019-05-05,Security,L5,USA,Seattle
E0683,Keanu Reeves 683,F,1988,2021-01-18,Sales,L2,USA,Seattle
E0684,Idris Elba 684,M,1969,2022-12-07,Sales,L4,Canada,Toronto
E0685,Denzel Washington 685,M,1971,2022-10-29,Engineering,L3,USA,Charlotte
E0686,Penelope Cruz 686,M,2001,2019-03-03,Data,L3,USA,Charlotte
E0687,Mads Mikkelsen 687,M,2001,2021-08-28,Data,L4,India,Hyderabad
E0688,John Boyega 688,M,1976,2018-03-03,IT,L6,Germany,Berlin
E0689,Aamir Khan 689,M,1999,2024-05-17,Product,L6,UK,London
E0690,Scarlett Johansson 690,F,1988,2020-07-14,Product,L5,UK,London
E0691,Daniel Craig 691,M,2001,2020-08-17,Sales,L6,Germany,Berlin
E0692,Aamir Khan 692,F,1993,2019-11-07,Engineering,L5,India,Hyderabad
E0693,Aamir Khan 693,F,1966,2017-05-22,HR,L6,USA,Seattle
E0694,Lupita Nyong'o 694,F,1979,2017-01-27,Engineering,L3,Canada,Toronto
E0695,Keanu Reeves 695,F,2000,2024-09-26,Customer Support,L6,USA,Seattle
E0696,Daniel Craig 696,M,1967,2018-09-26,Data,L5,Singapore,Singapore
E0697,Deepika Padukone 697,F,2002,2019-12-22,Engineering,L3,USA,New York
E0698,Emily Blunt 698,F,2001,2018-01-12,Engineering,L3,Canada,Toronto
E0699,Javier Bardem 699,M,1996,2022-05-31,Security,L6,UK,London
E0700,Ryan Gosling 700,F,1967,2023-09-05,Sales,L6,USA,Austin
E0701,Daniel Craig 701,F,1992,2020-10-01,Engineering,L5,USA,Seattle
E0702,Leonardo DiCaprio 702,M,1989,2019-07-18,Customer Support,L2,USA,Austin
E0703,Priyanka Chopra 703,M,1985,2020-07-31,Engineering,L6,USA,Seattle
E0704,Leonardo DiCaprio 704,F,1993,2017-07-26,Security,L6,USA,New York
E0705,Keanu Reeves 705,F,1983,2019-06-29,Data,L5,USA,Austin
E0706,Viola Davis 706,F,2001,2017-12-05,Engineering,L2,UK,London
E0707,Idris Elba 707,F,1997,2017-12-15,Data,L5,Canada,Toronto
E0708,Alia Bhatt 708,F,2000,2018-07-07,Sales,L3,USA,New York
E0709,Aamir Khan 709,M,1980,2019-03-15,Product,L2,Singapore,Singapore
E0710,Mads Mikkelsen 710,M,1972,2020-08-17,Engineering,L5,Germany,Berlin
E0711,Ryan Gosling 711,F,1987,2019-02-20,Product,L6,UK,London
E0712,Lupita Nyong'o 712,F,1993,2018-11-25,IT,L6,Canada,Toronto
E0713,Alia Bhatt 713,M,1988,2019-08-15,Engineering,L3,USA,Seattle
E0714,Marion Cotillard 714,M,1980,2018-04-06,Sales,L6,USA,Austin
E0715,Priyanka Chopra 715,F,1972,2017-02-26,Customer Support,L4,Canada,Toronto
E0716,Charlize Theron 716,M,1999,2020-09-21,Product,L3,USA,Seattle
E0717,Mads Mikkelsen 717,F,1974,2019-11-26,Engineering,L2,India,Hyderabad
E0718,Tom Hanks 718,F,1975,2017-06-28,Engineering,L2,India,Hyderabad
E0719,Scarlett Johansson 719,M,1994,2020-01-17,Engineering,L2,Singapore,Singapore
E0720,Javier Bardem 720,F,1971,2024-06-08,Engineering,L2,Canada,Toronto
E0721,Jackie Chan 721,F,1997,2019-08-05,Engineering,L2,Germany,Berlin
E0722,Deepika Padukone 722,M,1976,2023-09-12,Customer Support,L3,India,Bengaluru
E0723,Meryl Streep 723,M,1967,2023-04-16,Data,L3,India,Bengaluru
E0724,Tom Hanks 724,F,1990,2020-09-28,Customer Support,L3,Canada,Toronto
E0725,Daniel Craig 725,F,1980,2020-12-26,Engineering,L6,UK,London
E0726,Meryl Streep 726,F,1989,2024-01-08,Engineering,L2,USA,Seattle
E0727,Priyanka Chopra 727,M,1986,2019-07-13,Customer Support,L5,Canada,Toronto
E0728,Scarlett Johansson 728,M,1991,2021-04-15,IT,L3,USA,Austin
E0729,Benedict Cumberbatch 729,F,1993,2020-07-03,Data,L6,Germany,Berlin
E0730,John Boyega 730,M,1973,2023-07-08,Engineering,L4,USA,New York
E0731,Mads Mikkelsen 731,F,1974,2018-07-08,Security,L6,India,Hyderabad
E0732,Priyanka Chopra 732,M,1976,2017-10-05,Customer Support,L4,UK,London
E0733,Benedict Cumberbatch 733,F,1991,2017-05-01,Sales,L5,USA,New York
E0734,Javier Bardem 734,M,1971,2018-09-15,Engineering,L3,Canada,Toronto
E0735,Charlize Theron 735,F,2001,2023-12-03,Engineering,L6,Singapore,Singapore
E0736,Tom Hanks 736,M,1987,2019-08-04,Engineering,L2,USA,Charlotte
E0737,John Boyega 737,F,1988,2018-07-04,Security,L3,India,Bengaluru
E0738,Ken Watanabe 738,M,1975,2022-04-25,Customer Support,L3,India,Bengaluru
E0739,Penelope Cruz 739,F,1991,2017-03-03,Engineering,L3,Germany,Berlin
E0740,Michelle Yeoh 740,M,1976,2019-04-18,Security,L5,USA,Charlotte
E0741,Jackie Chan 741,F,1994,2024-09-18,Customer Support,L3,India,Bengaluru
E0742,Natalie Portman 742,F,1985,2023-10-27,Product,L5,USA,Seattle
E0743,Idris Elba 743,M,1998,2023-08-30,IT,L2,Singapore,Singapore
E0744,Michelle Yeoh 744,F,1967,2019-10-04,Product,L6,USA,Seattle
E0745,Penelope Cruz 745,F,1993,2019-02-17,Engineering,L5,USA,Seattle
E0746,Charlize Theron 746,M,1992,2022-03-05,Customer Support,L4,Canada,Toronto
E0747,Aamir Khan 747,M,1994,2024-09-27,IT,L5,USA,Seattle
E0748,Marion Cotillard 748,M,2002,2018-04-09,Engineering,L6,India,Hyderabad
E0749,Scarlett Johansson 749,F,1966,2020-08-17,Engineering,L3,Germany,Berlin
E0750,Lupita Nyong'o 750,M,1981,2022-02-06,Product,L4,USA,Charlotte
E0751,Tom Hanks 751,M,1972,2018-05-22,Security,L5,USA,New York
E0752,Jackie Chan 752,F,1997,2022-11-16,IT,L6,USA,Austin
E0753,Deepika Padukone 753,F,1967,2023-03-05,Customer Support,L3,Germany,Berlin
E0754,Jackie Chan 754,M,1975,2024-05-25,Customer Support,L3,Singapore,Singapore
E0755,Ryan Gosling 755,F,1984,2021-09-15,Engineering,L5,USA,Seattle
E0756,Marion Cotillard 756,M,1977,2018-04-27,Engineering,L2,USA,New York
E0757,Denzel Washington 757,F,1996,2017-02-20,IT,L5,Canada,Toronto
E0758,Lupita Nyong'o 758,F,1980,2023-10-27,Data,L3,USA,Seattle
E0759,Penelope Cruz 759,F,1993,2022-02-02,Data,L2,India,Bengaluru
E0760,Viola Davis 760,F,2000,2019-09-30,IT,L3,USA,Seattle
E0761,Emily Blunt 761,F,1967,2017-08-14,Engineering,L3,USA,New York
E0762,Song Kang-ho 762,F,1986,2023-10-08,Customer Support,L2,Singapore,Singapore
E0763,Charlize Theron 763,M,1983,2019-01-01,Engineering,L6,Germany,Berlin
E0764,Mads Mikkelsen 764,M,1994,2023-06-03,IT,L6,Singapore,Singapore
E0765,Viola Davis 765,F,1985,2018-01-17,Engineering,L4,USA,Seattle
E0766,Kate Winslet 766,M,1983,2021-10-17,Customer Support,L5,USA,Austin
E0767,Priyanka Chopra 767,F,1998,2020-09-10,Engineering,L3,Canada,Toronto
E0768,Angelina Jolie 768,M,2001,2017-08-27,Security,L6,Singapore,Singapore
E0769,Aamir Khan 769,F,1992,2024-09-21,Finance,L6,India,Bengaluru
E0770,Mads Mikkelsen 770,F,1973,2022-11-23,Sales,L6,Canada,Toronto
E0771,Charlize Theron 771,F,1996,2024-02-02,Data,L3,India,Hyderabad
E0772,Ryan Gosling 772,F,1977,2024-12-12,Customer Support,L2,USA,Charlotte
E0773,Meryl Streep 773,M,1978,2024-01-06,Engineering,L6,India,Bengaluru
E0774,Shah Rukh Khan 774,F,1987,2017-07-06,Finance,L6,Germany,Berlin
E0775,Idris Elba 775,M,1983,2017-02-16,Sales,L4,USA,Charlotte
E0776,Alia Bhatt 776,F,1965,2020-05-14,Sales,L2,Canada,Toronto
E0777,Denzel Washington 777,M,1976,2021-06-11,Security,L3,UK,London
E0778,Penelope Cruz 778,F,1995,2024-07-17,Engineering,L2,UK,London
E0779,Tom Hanks 779,F,1999,2018-09-29,IT,L4,India,Bengaluru
E0780,Daniel Craig 780,F,2001,2017-08-18,Product,L4,Germany,Berlin
E0781,Ryan Gosling 781,F,1987,2019-05-04,Data,L2,USA,Seattle
E0782,Lupita Nyong'o 782,F,1989,2017-05-08,HR,L6,Canada,Toronto
E0783,Ryan Gosling 783,F,1976,2023-10-17,Sales,L6,Singapore,Singapore
E0784,Leonardo DiCaprio 784,F,1967,2024-11-28,Engineering,L4,Canada,Toronto
E0785,Charlize Theron 785,F,1993,2019-09-01,Product,L4,India,Bengaluru
E0786,Aamir Khan 786,M,1988,2018-12-18,Engineering,L2,Canada,Toronto
E0787,Priyanka Chopra 787,M,1995,2021-12-23,Sales,L6,USA,Austin
E0788,Penelope Cruz 788,F,1985,2022-06-04,Engineering,L3,UK,London
E0789,John Boyega 789,M,1978,2022-10-16,Sales,L2,USA,Austin
E0790,John Boyega 790,M,1984,2018-04-20,Product,L2,India,Hyderabad
E0791,Shah Rukh Khan 791,F,1994,2017-12-23,Security,L2,Singapore,Singapore
E0792,Lupita Nyong'o 792,F,1978,2017-04-03,Engineering,L4,Canada,Toronto
E0793,Leonardo DiCaprio 793,F,1993,2020-02-08,Engineering,L2,Canada,Toronto
E0794,Gong Yoo 794,M,1965,2020-01-26,Engineering,L6,USA,New York
E0795,Emily Blunt 795,F,2000,2019-04-27,Data,L4,USA,Austin
E0796,Angelina Jolie 796,M,1975,2023-06-10,Engineering,L2,Canada,Toronto
E0797,Keanu Reeves 797,F,1968,2023-01-24,Engineering,L3,UK,London
E0798,Priyanka Chopra 798,F,1968,2018-03-10,Engineering,L2,USA,Seattle
E0799,Penelope Cruz 799,F,1987,2024-11-26,Product,L4,USA,New York
E0800,Michelle Yeoh 800,M,1994,2024-12-30,Engineering,L6,USA,Charlotte
E0801,Priyanka Chopra 801,F,1984,2018-02-03,Engineering,L5,India,Bengaluru
E0802,Denzel Washington 802,F,1988,2018-08-12,Product,L5,USA,Charlotte
E0803,Aamir Khan 803,F,1996,2020-08-23,Engineering,L2,UK,London
E0804,Alia Bhatt 804,F,1994,2020-12-10,Engineering,L3,USA,Austin
E0805,Charlize Theron 805,M,1997,2023-10-12,Engineering,L2,UK,London
E0806,Leonardo DiCaprio 806,M,1984,2020-08-27,Product,L6,USA,Austin
E0807,Mads Mikkelsen 807,M,1980,2021-08-21,Product,L6,Singapore,Singapore
E0808,John Boyega 808,M,1986,2021-04-22,Engineering,L3,India,Bengaluru
E0809,Ken Watanabe 809,F,2001,2021-11-01,Sales,L4,Singapore,Singapore
E0810,Michelle Yeoh 810,M,2001,2018-12-10,Data,L5,USA,Charlotte
E0811,Gong Yoo 811,F,2000,2022-03-12,Engineering,L2,Singapore,Singapore
E0812,Lupita Nyong'o 812,F,1969,2020-06-15,Sales,L6,USA,New York
E0813,Jackie Chan 813,F,1996,2021-04-02,Engineering,L2,Singapore,Singapore
E0814,Emily Blunt 814,M,1974,2023-07-07,Engineering,L3,USA,New York
E0815,Shah Rukh Khan 815,F,1977,2021-05-17,Product,L3,Canada,Toronto
E0816,Gong Yoo 816,F,1992,2020-05-12,Security,L4,UK,London
E0817,Daniel Craig 817,F,1973,2017-02-03,Finance,L4,Singapore,Singapore
E0818,Penelope Cruz 818,M,2000,2017-08-06,Engineering,L4,India,Hyderabad
E0819,Scarlett Johansson 819,M,1992,2017-05-08,Engineering,L6,Canada,Toronto
E0820,Jackie Chan 820,F,1990,2024-12-25,Engineering,L5,UK,London
E0821,John Boyega 821,M,1995,2024-06-06,Product,L3,USA,Charlotte
E0822,Gong Yoo 822,F,1974,2021-01-15,Engineering,L4,Germany,Berlin
E0823,Gong Yoo 823,M,1969,2018-07-05,Finance,L2,USA,New York
E0824,Leonardo DiCaprio 824,F,1973,2024-05-18,Engineering,L2,India,Bengaluru
E0825,Charlize Theron 825,F,1976,2022-02-11,Engineering,L5,Germany,Berlin
E0826,Scarlett Johansson 826,F,1987,2022-01-18,Data,L3,India,Hyderabad
E0827,Angelina Jolie 827,F,1980,2017-01-31,Engineering,L6,Singapore,Singapore
E0828,Michelle Yeoh 828,F,1967,2023-06-19,Engineering,L2,India,Hyderabad
E0829,Natalie Portman 829,F,1970,2018-04-09,Data,L3,UK,London
E0830,Mads Mikkelsen 830,F,1998,2020-02-19,Security,L2,India,Hyderabad
E0831,Natalie Portman 831,M,1995,2017-12-29,Data,L2,Singapore,Singapore
E0832,Lupita Nyong'o 832,F,1968,2023-07-03,Security,L4,India,Hyderabad
E0833,Denzel Washington 833,F,1997,2022-04-05,Data,L5,USA,Seattle
E0834,Leonardo DiCaprio 834,F,1983,2021-09-21,Data,L4,UK,London
E0835,Penelope Cruz 835,F,1968,2020-05-30,Engineering,L5,Singapore,Singapore
E0836,Leonardo DiCaprio 836,F,1966,2017-07-31,Data,L4,Singapore,Singapore
E0837,Keanu Reeves 837,M,1982,2022-09-02,Product,L4,USA,New York
E0838,John Boyega 838,F,1965,2020-02-02,Engineering,L2,Canada,Toronto
E0839,Deepika Padukone 839,F,1988,2018-09-12,IT,L3,Singapore,Singapore
E0840,Michelle Yeoh 840,M,1998,2022-06-10,Engineering,L2,USA,Charlotte
E0841,Marion Cotillard 841,M,1996,2018-08-18,Engineering,L5,USA,Austin
E0842,Tom Hanks 842,F,1975,2024-05-30,Sales,L3,USA,Charlotte
E0843,Michelle Yeoh 843,F,1972,2017-08-11,Data,L2,UK,London
E0844,Gong Yoo 844,F,1995,2022-05-05,Engineering,L6,Germany,Berlin
E0845,Jackie Chan 845,F,1974,2022-04-28,Engineering,L6,Germany,Berlin
E0846,Charlize Theron 846,F,1989,2020-03-28,Customer Support,L4,USA,Seattle
E0847,Scarlett Johansson 847,F,1992,2018-02-03,HR,L6,USA,Seattle
E0848,Keanu Reeves 848,F,1982,2020-10-04,Customer Support,L2,Canada,Toronto
E0849,Shah Rukh Khan 849,F,1980,2021-05-22,Engineering,L6,Singapore,Singapore
E0850,Aamir Khan 850,M,1985,2020-10-14,Sales,L6,India,Hyderabad
E0851,Daniel Craig 851,M,1991,2017-10-06,Engineering,L2,USA,Seattle
E0852,Tom Hanks 852,M,1983,2020-12-10,Data,L4,India,Bengaluru
E0853,Javier Bardem 853,M,1968,2023-12-13,Engineering,L6,USA,Seattle
E0854,Natalie Portman 854,M,1972,2023-09-22,IT,L2,USA,Charlotte
E0855,Natalie Portman 855,M,1972,2021-03-20,Customer Support,L3,USA,New York
E0856,Mads Mikkelsen 856,M,1994,2024-05-29,Engineering,L4,India,Bengaluru
E0857,Idris Elba 857,M,1969,2019-11-21,Sales,L4,UK,London
E0858,Alia Bhatt 858,F,1968,2021-05-11,Sales,L4,Germany,Berlin
E0859,Meryl Streep 859,F,1969,2018-12-30,HR,L5,Canada,Toronto
E0860,Scarlett Johansson 860,F,1976,2023-11-05,HR,L5,USA,Charlotte
E0861,Jackie Chan 861,M,1971,2021-11-02,Engineering,L5,India,Hyderabad
E0862,Viola Davis 862,M,1969,2017-05-23,Security,L6,USA,Austin
E0863,Aamir Khan 863,F,1974,2017-03-18,Security,L2,India,Bengaluru
E0864,Ken Watanabe 864,M,1986,2019-12-28,Customer Support,L5,Germany,Berlin
E0865,Song Kang-ho 865,F,1995,2024-12-08,Data,L5,India,Hyderabad
E0866,Javier Bardem 866,M,1965,2023-01-22,Product,L5,USA,Austin
E0867,Leonardo DiCaprio 867,F,1986,2018-05-12,HR,L4,India,Bengaluru
E0868,Shah Rukh Khan 868,F,1970,2021-02-05,Product,L5,USA,Austin
E0869,Penelope Cruz 869,M,1976,2024-04-07,Sales,L6,Canada,Toronto
E0870,Benedict Cumberbatch 870,M,1984,2024-05-30,Engineering,L5,Germany,Berlin
E0871,Idris Elba 871,M,1993,2022-06-16,Customer Support,L3,UK,London
E0872,Benedict Cumberbatch 872,M,1996,2017-04-14,Engineering,L5,USA,Charlotte
E0873,Tom Hanks 873,F,1996,2024-03-20,Engineering,L6,India,Hyderabad
E0874,Gong Yoo 874,M,1986,2017-03-09,HR,L2,India,Bengaluru
E0875,Shah Rukh Khan 875,M,1978,2021-07-19,Engineering,L6,USA,Seattle
E0876,Charlize Theron 876,M,1969,2018-09-03,Product,L2,India,Hyderabad
E0877,Leonardo DiCaprio 877,M,1995,2024-05-02,Security,L6,India,Bengaluru
E0878,Daniel Craig 878,M,1968,2017-02-28,Engineering,L4,USA,New York
E0879,Lupita Nyong'o 879,M,2002,2022-02-12,Sales,L2,USA,Austin
E0880,Deepika Padukone 880,F,1979,2018-04-13,Sales,L2,USA,Austin
E0881,Lupita Nyong'o 881,F,1985,2020-10-13,Sales,L2,Germany,Berlin
E0882,Deepika Padukone 882,M,1985,2023-02-14,HR,L3,Singapore,Singapore
E0883,Denzel Washington 883,F,1969,2018-12-12,Sales,L2,Singapore,Singapore
E0884,Lupita Nyong'o 884,F,2000,2018-11-20,Engineering,L3,Germany,Berlin
E0885,Aamir Khan 885,M,1971,2017-06-16,Product,L6,Singapore,Singapore
E0886,Idris Elba 886,F,1970,2017-03-06,Engineering,L2,USA,New York
E0887,Keanu Reeves 887,F,1991,2024-12-04,Engineering,L5,USA,Austin
E0888,Mads Mikkelsen 888,F,1998,2018-08-10,Security,L5,USA,Charlotte
E0889,Ken Watanabe 889,M,1976,2023-11-06,Product,L5,USA,New York
E0890,Alia Bhatt 890,F,1987,2024-01-13,IT,L5,USA,Austin
E0891,Javier Bardem 891,M,1998,2019-02-26,Engineering,L2,USA,Charlotte
E0892,Deepika Padukone 892,M,1994,2022-09-10,IT,L3,India,Hyderabad
E0893,Lupita Nyong'o 893,M,1995,2018-04-07,Engineering,L5,USA,Charlotte
E0894,Alia Bhatt 894,F,1983,2017-08-10,Engineering,L3,USA,Seattle
E0895,Emily Blunt 895,F,1967,2023-12-02,Product,L2,UK,London
E0896,Gong Yoo 896,M,1966,2018-12-22,Security,L5,India,Hyderabad
E0897,John Boyega 897,F,2002,2019-08-22,Data,L6,USA,Austin
E0898,Natalie Portman 898,F,1979,2024-08-04,Engineering,L2,USA,Charlotte
E0899,Shah Rukh Khan 899,F,1977,2019-08-30,Engineering,L5,USA,Austin
E0900,Gong Yoo 900,F,1968,2022-04-14,Customer Support,L5,USA,Austin
E0901,Ken Watanabe 901,M,1989,2022-02-07,Engineering,L4,Singapore,Singapore
E0902,Aamir Khan 902,F,1982,2024-02-02,Engineering,L3,USA,Charlotte
E0903,Aamir Khan 903,M,1982,2024-10-06,Engineering,L3,USA,Seattle
E0904,Meryl Streep 904,F,1975,2022-02-22,Engineering,L4,India,Bengaluru
E0905,Marion Cotillard 905,M,1975,2023-10-09,Engineering,L6,Canada,Toronto
E0906,Priyanka Chopra 906,F,1998,2017-12-21,HR,L5,USA,Charlotte
E0907,Denzel Washington 907,F,1994,2023-08-21,Customer Support,L4,USA,Charlotte
E0908,Viola Davis 908,M,1985,2019-10-08,Engineering,L5,Germany,Berlin
E0909,Charlize Theron 909,M,1991,2018-09-03,Data,L2,Singapore,Singapore
E0910,Aamir Khan 910,M,1992,2022-08-28,Engineering,L6,India,Bengaluru
E0911,Daniel Craig 911,F,1980,2022-01-28,Engineering,L2,USA,Austin
E0912,Ken Watanabe 912,F,1978,2024-10-10,Data,L3,USA,Seattle
E0913,Daniel Craig 913,M,1966,2024-04-06,Engineering,L5,USA,Charlotte
E0914,Emily Blunt 914,F,2001,2024-11-20,IT,L6,USA,New York
E0915,Deepika Padukone 915,M,1990,2022-03-15,Engineering,L3,India,Bengaluru
E0916,Angelina Jolie 916,F,1965,2024-01-12,Sales,L2,UK,London
E0917,Natalie Portman 917,M,1983,2022-12-15,Engineering,L5,UK,London
E0918,Scarlett Johansson 918,M,1970,2023-01-31,Sales,L6,Singapore,Singapore
E0919,Alia Bhatt 919,F,1968,2022-10-10,Customer Support,L2,USA,Seattle
E0920,Mads Mikkelsen 920,M,1988,2023-12-11,Engineering,L4,India,Bengaluru
E0921,Scarlett Johansson 921,M,2000,2024-11-27,Engineering,L3,India,Hyderabad
E0922,Song Kang-ho 922,M,1995,2019-09-05,Engineering,L6,UK,London
E0923,Angelina Jolie 923,F,1987,2019-07-13,Customer Support,L4,USA,Charlotte
E0924,Tom Hanks 924,M,1969,2020-02-10,Data,L4,Germany,Berlin
E0925,Aamir Khan 925,M,1995,2022-08-16,Engineering,L6,India,Bengaluru
E0926,Jackie Chan 926,F,1988,2020-04-12,IT,L2,India,Hyderabad
E0927,Penelope Cruz 927,M,1990,2017-12-24,Engineering,L3,India,Bengaluru
E0928,Benedict Cumberbatch 928,M,1982,2018-03-24,Engineering,L2,USA,Austin
E0929,Emily Blunt 929,M,1998,2018-09-09,Security,L2,India,Bengaluru
E0930,Angelina Jolie 930,F,1987,2018-06-25,Engineering,L5,India,Hyderabad
E0931,Song Kang-ho 931,M,1969,2020-04-09,Product,L2,USA,Seattle
E0932,Priyanka Chopra 932,F,1991,2022-10-30,Customer Support,L6,USA,Charlotte
E0933,Idris Elba 933,F,1994,2022-06-15,Engineering,L4,UK,London
E0934,Deepika Padukone 934,F,1979,2018-12-05,Data,L5,Canada,Toronto
E0935,John Boyega 935,M,1987,2017-07-13,Engineering,L4,Canada,Toronto
E0936,Aamir Khan 936,M,1999,2023-12-09,Product,L4,USA,New York
E0937,Michelle Yeoh 937,M,1975,2024-12-10,Engineering,L3,USA,New York
E0938,Ryan Gosling 938,M,1993,2023-06-12,Engineering,L4,UK,London
E0939,Lupita Nyong'o 939,M,1985,2023-04-23,Engineering,L4,USA,Charlotte
E0940,Keanu Reeves 940,M,1999,2023-01-21,Engineering,L4,India,Bengaluru
E0941,Leonardo DiCaprio 941,F,1974,2021-07-16,Engineering,L5,USA,Seattle
E0942,Daniel Craig 942,F,1983,2017-01-18,Customer Support,L5,USA,New York
E0943,Marion Cotillard 943,M,2001,2024-06-24,Customer Support,L5,Singapore,Singapore
E0944,Song Kang-ho 944,M,1973,2022-05-16,Engineering,L6,USA,Austin
E0945,Tom Hanks 945,M,1993,2021-07-04,Engineering,L4,USA,Seattle
E0946,Marion Cotillard 946,M,2002,2023-10-27,Engineering,L6,USA,Seattle
E0947,Denzel Washington 947,M,1970,2019-03-13,Engineering,L6,Canada,Toronto
E0948,Deepika Padukone 948,F,1977,2022-09-28,Sales,L5,USA,Austin
E0949,Ryan Gosling 949,M,1988,2022-09-27,Engineering,L5,Singapore,Singapore
E0950,Lupita Nyong'o 950,F,1988,2021-02-23,Engineering,L2,Germany,Berlin
E0951,Song Kang-ho 951,F,2000,2020-06-15,Engineering,L2,UK,London
E0952,Deepika Padukone 952,F,1983,2021-08-30,Engineering,L3,India,Bengaluru
E0953,Gong Yoo 953,M,2002,2021-08-24,Sales,L6,Germany,Berlin
E0954,Song Kang-ho 954,F,1998,2020-05-27,Engineering,L4,USA,Charlotte
E0955,Natalie Portman 955,M,1965,2021-03-20,Engineering,L5,Singapore,Singapore
E0956,Daniel Craig 956,M,2000,2021-08-25,IT,L5,Canada,Toronto
E0957,John Boyega 957,M,1989,2019-03-28,Security,L4,USA,New York
E0958,Meryl Streep 958,F,1996,2020-05-21,Data,L6,USA,Seattle
E0959,Jackie Chan 959,M,1974,2017-04-20,Security,L4,USA,Charlotte
E0960,Daniel Craig 960,F,1991,2018-05-24,Engineering,L3,India,Bengaluru
E0961,Keanu Reeves 961,M,1982,2017-04-27,Product,L5,USA,Charlotte
E0962,Lupita Nyong'o 962,F,2002,2023-09-20,Finance,L5,USA,Austin
E0963,Alia Bhatt 963,F,1972,2024-01-17,Data,L4,Canada,Toronto
E0964,Penelope Cruz 964,F,1975,2017-03-13,Data,L6,Singapore,Singapore
E0965,Ryan Gosling 965,M,1987,2022-03-04,Engineering,L3,UK,London
E0966,Angelina Jolie 966,F,1968,2021-09-15,Engineering,L4,UK,London
E0967,Scarlett Johansson 967,M,1976,2022-10-06,Engineering,L2,USA,Austin
E0968,Scarlett Johansson 968,F,1985,2023-02-06,Data,L4,USA,New York
E0969,Alia Bhatt 969,F,1974,2018-01-28,Engineering,L2,UK,London
E0970,Charlize Theron 970,F,1991,2021-03-08,Engineering,L4,Canada,Toronto
E0971,Ryan Gosling 971,M,1974,2018-02-24,Customer Support,L6,USA,New York
E0972,Natalie Portman 972,M,1991,2023-04-08,Engineering,L5,USA,Charlotte
E0973,Shah Rukh Khan 973,M,1995,2018-06-22,Customer Support,L4,USA,Austin
E0974,Angelina Jolie 974,F,1998,2018-07-24,Engineering,L4,UK,London
E0975,Gong Yoo 975,M,1979,2017-04-28,Engineering,L3,Canada,Toronto
E0976,Lupita Nyong'o 976,M,1984,2024-09-19,Customer Support,L3,USA,New York
E0977,Song Kang-ho 977,M,1969,2021-10-07,Engineering,L2,USA,Austin
E0978,Penelope Cruz 978,M,1971,2017-06-24,Sales,L2,Germany,Berlin
E0979,Leonardo DiCaprio 979,M,1995,2023-08-27,Sales,L2,India,Hyderabad
E0980,Penelope Cruz 980,F,1965,2017-09-29,Customer Support,L2,USA,Seattle
E0981,Natalie Portman 981,M,1976,2019-04-22,Sales,L4,Singapore,Singapore
E0982,Charlize Theron 982,F,1987,2020-02-11,Engineering,L3,USA,New York
E0983,Penelope Cruz 983,M,1971,2019-09-18,Customer Support,L6,Singapore,Singapore
E0984,Priyanka Chopra 984,M,1983,2019-06-08,Sales,L3,India,Hyderabad
E0985,Scarlett Johansson 985,M,1978,2017-01-18,Customer Support,L6,India,Hyderabad
E0986,Song Kang-ho 986,M,1993,2021-02-10,Customer Support,L2,India,Bengaluru
E0987,Kate Winslet 987,F,1978,2021-04-04,Engineering,L6,UK,London
E0988,Mads Mikkelsen 988,M,1994,2020-07-11,Engineering,L2,USA,Austin
E0989,Mads Mikkelsen 989,F,2000,2021-01-19,Data,L2,India,Bengaluru
E0990,Shah Rukh Khan 990,F,1983,2018-04-19,Engineering,L5,India,Bengaluru
E0991,Song Kang-ho 991,F,1979,2024-09-15,IT,L6,Canada,Toronto
E0992,Natalie Portman 992,M,1995,2019-02-13,Product,L4,Germany,Berlin
E0993,Song Kang-ho 993,M,1990,2024-07-15,Engineering,L5,India,Bengaluru
E0994,Ken Watanabe 994,M,1990,2018-05-04,Data,L5,USA,Austin
E0995,Viola Davis 995,M,1988,2018-11-23,Security,L3,USA,Austin
E0996,Marion Cotillard 996,M,1979,2021-07-14,Engineering,L5,Singapore,Singapore
E0997,Priyanka Chopra 997,F,1990,2023-07-12,Security,L4,Canada,Toronto
E0998,Emily Blunt 998,F,1997,2021-07-15,Product,L4,Singapore,Singapore
E0999,Ryan Gosling 999,M,1981,2018-03-19,Engineering,L5,India,Bengaluru
E1000,Lupita Nyong'o 1000,M,1968,2017-05-02,Product,L2,USA,New York
